Workbook

Sheet 00_Huong_dan
A1: BẢN ĐỒ KHÔNG GIAN QUYỀN LỢI – GIẢI GOLF BÁO LAO ĐỘNG OPEN 2026
A3: MỤC ĐÍCH
A4: Workbook dùng để khóa kho quyền lợi trước khi ghép vào 7 mức tài trợ. Bản tối ưu giữ 07 không gian nhưng chỉ còn 25 quyền lợi thực sự cần quản lý capacity, tránh tính trùng và giảm gánh nặng vận hành.
A7: BƯỚC | B7: CÁCH LÀM
A8: 1 | B8: Khóa capacity FINAL tại sheet 02_Asset_Master sau khi có xác nhận từ sân golf, Gala và đội Media.
A9: 2 | B9: Không tính Flight thành kho riêng: 4 suất golfer có thể xếp 1 flight nhưng vẫn trừ từ quota suất golfer.
A10: 3 | B10: Không tính Bàn VIP thành kho riêng: bàn/ghế ưu tiên chỉ là cách bố trí trong quota suất Gala/VIP.
A11: 4 | B11: Với logo Shared, khi phân bổ tại sheet 03_Phan_bo chọn cấp hiển thị: Ưu tiên 1 / Ưu tiên 2 / Đồng hành.
A12: 5 | B12: Với tài trợ hiện vật/giải thưởng/dịch vụ, ghi rõ loại tài trợ và giá trị quy đổi do BTC chấp thuận; không mặc định theo giá niêm yết.
A13: 6 | B13: Nhập chi phí thực hiện/đơn vị ở cột T để biết chi phí đã cam kết khi quyền lợi được bán.
A14: 7 | B14: Mỗi quyền lợi quan trọng có phương án make-good ở cột V để xử lý mưa, đổi layout, hết inventory hoặc thay đổi chương trình.
A15: 8 | B15: Khi chốt NTT/gói, nhập mã asset + số lượng ở sheet 03_Phan_bo. Asset Master tự trừ capacity.
A16: 9 | B16: Không bán khi trạng thái báo VƯỢT CAP/HẾT. Asset Signature chỉ dành cho cấp cao nhất hoặc trường hợp đặc biệt.
A17: 10 | B17: Chỉ sau khi capacity trọng yếu được khóa mới ghép 7 gói 30–50–100–200–300–500 triệu–1 tỷ.
A19: NGUYÊN TẮC TINH GỌN
A20: 1 | B20: Một quyền lợi chỉ được coi là 'bán được' khi có đầu ra cụ thể, capacity và bằng chứng nghiệm thu.
A21: 2 | B21: Không tạo quyền lợi mới chỉ để làm gói trông nhiều hơn; ưu tiên quyền lợi dễ trả, dễ nghiệm thu.
A22: 3 | B22: Quản lý media bằng đơn vị thật: bài; vị trí-tuần banner; post; video/recap; ấn phẩm.
A23: 4 | B23: Tin/bài thương mại, advertorial và banner là quyền lợi theo gói; tin bài biên tập độc lập tuân thủ nguyên tắc biên tập của Báo.
A24: 5 | B24: Mọi quyền lợi hiện vật phải được quy đổi theo giá trị BTC thực sự chấp thuận và sử dụng.
A25: 6 | B25: Ưu tiên Gala để trả quyền lợi nghi thức; ưu tiên sân golf để trả quyền lợi thi đấu/hiện diện trực tiếp.

Sheet 01_Khong_gian
A1: BẢN ĐỒ 07 KHÔNG GIAN QUYỀN LỢI – CẤU TRÚC TINH GỌN
A3: Mã KG | B3: Không gian | C3: Số quyền lợi quản lý | D3: Nguyên tắc vận hành
A4: KG01 | B4: Nhận diện chung toàn giải | C4: 3 | D4: Quản lý 3 cấp hiển thị: Ưu tiên 1 / Ưu tiên 2 / Đồng hành.
A5: KG02 | B5: Check-in và đón khách | C5: 2 | D5: Chỉ bán vị trí riêng sau khi khóa layout check-in.
A6: KG03 | B6: Sân golf và thi đấu | C6: 3 | D6: Khóa bằng sơ đồ sân; tách rõ hố thường, HIO và giải kỹ thuật.
A7: KG04 | B7: Golfer và Networking | C7: 2 | D7: Chỉ quản lý suất golfer và suất Gala; flight/bàn VIP là cách bố trí, không phải kho riêng.
A8: KG05 | B8: Activation và trưng bày thương hiệu | C8: 4 | D8: Chỉ bán khi địa điểm duyệt mặt bằng, điện, thi công và luồng khách.
A9: KG06 | B9: Gala Dinner và Lễ trao giải | C9: 5 | D9: Giới hạn slot sân khấu theo run-of-show; không bán MC/phát biểu vô hạn.
A10: KG07 | B10: Truyền thông trên hệ sinh thái Báo Lao Động | C10: 6 | D10: Khóa inventory thật theo bài, vị trí-tuần banner, post, video và ấn phẩm.

Sheet 02_Asset_Master
A1: ASSET MASTER – KHO QUYỀN LỢI ĐÃ TỐI ƯU ĐỂ CÂN ĐỐI TRẢ TÀI TRỢ
A2: Ô vàng cần khóa: Cap FINAL, phần BTC giữ và chi phí thực hiện/đơn vị. Đã loại bỏ việc tính trùng Flight và Bàn VIP; hai nội dung này chỉ là cách bố trí từ quota Golfer/Gala.
A4: Mã asset | B4: Mã KG | C4: Không gian | D4: Quyền lợi | E4: Đầu ra cụ thể | F4: Đơn vị | G4: Cap đề xuất | H4: Cap khóa FINAL | I4: Cap áp dụng | J4: BTC giữ/dự phòng | K4: Đã phân bổ | L4: Còn lại | M4: Trạng thái | N4: Level | O4: Nhóm | P4: Phụ trách | Q4: Bằng chứng nghiệm thu | R4: Điều kiện triển khai | S4: Ghi chú | T4: CP thực hiện/đơn vị (VND) | U4: Loại tài trợ phù hợp | V4: Quyền lợi thay thế / make-good | W4: CP thực hiện đã cam kết (VND)
A5: A01 | B5: KG01 | C5: Nhận diện chung toàn giải | D5: Logo trên key visual/ấn phẩm chính | E5: Logo xuất hiện trên key visual và ấn phẩm chính thức phù hợp | F5: NTT | G5: 12 | I5: =IF(H5="",G5,H5) -> 12 | J5: 0 | K5: =SUMIFS('03_Phan_bo'!$D$5:$D$204,'03_Phan_bo'!$C$5:$C$204,A5,'03_Phan_bo'!$I$5:$I$204,"<>Hủy") -> 0 | L5: =I5-J5-K5 -> 12 | M5: =IF(H5="","CHƯA KHÓA",IF(L5<0,"VƯỢT CAP",IF(L5=0,"HẾT","CÒN"))) -> CHƯA KHÓA | N5: Shared | O5: Lõi | P5: Thiết kế/Event | Q5: File thiết kế + ảnh/ấn phẩm | R5: Phân theo cấp hiển thị được duyệt | S5: Cấp hiển thị quản lý tại sheet 03_Phan_bo; không cam kết vị trí cụ thể trước khi chốt layout | U5: Tiền mặt / Hỗn hợp | V5: Chuyển sang vị trí nhận diện tương đương nếu một ấn phẩm không sản xuất | W5: =IF(T5="","",K5*T5)
A6: A02 | B6: KG01 | C6: Nhận diện chung toàn giải | D6: Logo trên backdrop/LED nhận diện chung | E6: Logo trong cụm nhận diện Nhà tài trợ tại backdrop/LED | F6: NTT | G6: 12 | I6: =IF(H6="",G6,H6) -> 12 | J6: 0 | K6: =SUMIFS('03_Phan_bo'!$D$5:$D$204,'03_Phan_bo'!$C$5:$C$204,A6,'03_Phan_bo'!$I$5:$I$204,"<>Hủy") -> 0 | L6: =I6-J6-K6 -> 12 | M6: =IF(H6="","CHƯA KHÓA",IF(L6<0,"VƯỢT CAP",IF(L6=0,"HẾT","CÒN"))) -> CHƯA KHÓA | N6: Shared | O6: Lõi | P6: Thiết kế/Event | Q6: Ảnh backdrop/LED thực tế | R6: Theo layout sân khấu và kích thước màn hình | S6: Áp dụng 3 cấp hiển thị: Ưu tiên 1 / Ưu tiên 2 / Đồng hành | U6: Tiền mặt / Hỗn hợp | V6: Chuyển sang màn hình/visual nhận diện tương đương | W6: =IF(T6="","",K6*T6)
A7: A03 | B7: KG01 | C7: Nhận diện chung toàn giải | D7: Logo trên tài liệu/ấn phẩm tại sự kiện | E7: Logo trên tài liệu hoặc bảng thông tin phù hợp tại sự kiện | F7: NTT | G7: 10 | I7: =IF(H7="",G7,H7) -> 10 | J7: 0 | K7: =SUMIFS('03_Phan_bo'!$D$5:$D$204,'03_Phan_bo'!$C$5:$C$204,A7,'03_Phan_bo'!$I$5:$I$204,"<>Hủy") -> 0 | L7: =I7-J7-K7 -> 10 | M7: =IF(H7="","CHƯA KHÓA",IF(L7<0,"VƯỢT CAP",IF(L7=0,"HẾT","CÒN"))) -> CHƯA KHÓA | N7: Shared | O7: Lõi | P7: Thiết kế/Event | Q7: Ảnh/scan ấn phẩm | R7: Chỉ áp dụng ấn phẩm có sản xuất thực tế | S7: Không tạo thêm ấn phẩm chỉ để trả quyền lợi | U7: Tiền mặt / Hỗn hợp | V7: Chuyển sang ấn phẩm/visual thực tế khác của giải | W7: =IF(T7="","",K7*T7)
A8: A04 | B8: KG02 | C8: Check-in và đón khách | D8: Logo tại photo wall/check-in | E8: Logo trong cụm Nhà tài trợ tại khu check-in/photo wall | F8: NTT | G8: 10 | I8: =IF(H8="",G8,H8) -> 10 | J8: 0 | K8: =SUMIFS('03_Phan_bo'!$D$5:$D$204,'03_Phan_bo'!$C$5:$C$204,A8,'03_Phan_bo'!$I$5:$I$204,"<>Hủy") -> 0 | L8: =I8-J8-K8 -> 10 | M8: =IF(H8="","CHƯA KHÓA",IF(L8<0,"VƯỢT CAP",IF(L8=0,"HẾT","CÒN"))) -> CHƯA KHÓA | N8: Shared | O8: Lõi | P8: Event | Q8: Ảnh khu check-in/photo wall | R8: Theo mặt bằng và layout được sân duyệt | S8: Áp dụng cấp hiển thị như nhận diện chung | U8: Tiền mặt / Hỗn hợp | V8: Chuyển sang backdrop/LED nhận diện chung | W8: =IF(T8="","",K8*T8)
A9: A05 | B9: KG02 | C9: Check-in và đón khách | D9: Standee/biển thương hiệu tại khu đón khách | E9: 01 vị trí standee/biển thương hiệu riêng | F9: Vị trí | G9: 4 | I9: =IF(H9="",G9,H9) -> 4 | J9: 0 | K9: =SUMIFS('03_Phan_bo'!$D$5:$D$204,'03_Phan_bo'!$C$5:$C$204,A9,'03_Phan_bo'!$I$5:$I$204,"<>Hủy") -> 0 | L9: =I9-J9-K9 -> 4 | M9: =IF(H9="","CHƯA KHÓA",IF(L9<0,"VƯỢT CAP",IF(L9=0,"HẾT","CÒN"))) -> CHƯA KHÓA | N9: Dedicated | O9: Chuyên biệt | P9: Event | Q9: Ảnh vị trí thực tế | R9: NTT cung cấp file đúng deadline; kích thước theo BTC | S9: Chỉ bán khi layout check-in được chốt | U9: Tiền mặt / Hỗn hợp | V9: Bố trí vị trí tương đương trong khu đón khách | W9: =IF(T9="","",K9*T9)
A10: A06 | B10: KG03 | C10: Sân golf và thi đấu | D10: Branding hố golf thường | E10: Biển thương hiệu tại 01 hố golf thường | F10: Hố | G10: 8 | I10: =IF(H10="",G10,H10) -> 8 | J10: 0 | K10: =SUMIFS('03_Phan_bo'!$D$5:$D$204,'03_Phan_bo'!$C$5:$C$204,A10,'03_Phan_bo'!$I$5:$I$204,"<>Hủy") -> 0 | L10: =I10-J10-K10 -> 8 | M10: =IF(H10="","CHƯA KHÓA",IF(L10<0,"VƯỢT CAP",IF(L10=0,"HẾT","CÒN"))) -> CHƯA KHÓA | N10: Dedicated | O10: Chuyên biệt | P10: Event/Sân golf | Q10: Ảnh biển tại hố | R10: Chỉ bán sau khi khóa sơ đồ sân; không trùng HIO/giải kỹ thuật | S10: Cap đề xuất 8; phải xác nhận bằng sơ đồ hố được sân duyệt | U10: Tiền mặt / Hỗn hợp | V10: Chuyển hố tương đương hoặc tăng quyền lợi Gala/Media theo thỏa thuận | W10: =IF(T10="","",K10*T10)
A11: A07 | B11: KG03 | C11: Sân golf và thi đấu | D11: Tài trợ Hole-in-One | E11: Nhận diện thương hiệu tại 01 hố HIO và gắn với giải thưởng HIO | F11: Hố HIO | G11: 2 | I11: =IF(H11="",G11,H11) -> 2 | J11: 0 | K11: =SUMIFS('03_Phan_bo'!$D$5:$D$204,'03_Phan_bo'!$C$5:$C$204,A11,'03_Phan_bo'!$I$5:$I$204,"<>Hủy") -> 0 | L11: =I11-J11-K11 -> 2 | M11: =IF(H11="","CHƯA KHÓA",IF(L11<0,"VƯỢT CAP",IF(L11=0,"HẾT","CÒN"))) -> CHƯA KHÓA | N11: Signature | O11: Chuyên biệt | P11: BTC/Event | Q11: Ảnh hố + tài liệu giải thưởng | R11: Chốt hố, thể lệ, giá trị giải thưởng và điều kiện xác nhận HIO | S11: Phải phân biệt giá trị giải thưởng công bố với giá trị tài trợ được BTC ghi nhận | U11: Giải thưởng / Hiện vật / Hỗn hợp | V11: Chuyển sang giải kỹ thuật hoặc quyền lợi media tương đương nếu hố HIO không triển khai | W11: =IF(T11="","",K11*T11)
A12: A08 | B12: KG03 | C12: Sân golf và thi đấu | D12: Tài trợ giải kỹ thuật | E12: Gắn thương hiệu với 01 giải kỹ thuật: Nearest to the Pin/Longest Drive/... | F12: Giải | G12: 4 | I12: =IF(H12="",G12,H12) -> 4 | J12: 0 | K12: =SUMIFS('03_Phan_bo'!$D$5:$D$204,'03_Phan_bo'!$C$5:$C$204,A12,'03_Phan_bo'!$I$5:$I$204,"<>Hủy") -> 0 | L12: =I12-J12-K12 -> 4 | M12: =IF(H12="","CHƯA KHÓA",IF(L12<0,"VƯỢT CAP",IF(L12=0,"HẾT","CÒN"))) -> CHƯA KHÓA | N12: Dedicated | O12: Chuyên biệt | P12: BTC/Event | Q12: Ảnh biển + ảnh trao giải | R12: Theo cơ cấu giải kỹ thuật cuối cùng | S12: Chỉ bán đúng số giải trong điều lệ cuối cùng | U12: Giải thưởng / Hiện vật / Hỗn hợp | V12: Chuyển sang hạng mục giải tương đương hoặc quyền trao giải khác | W12: =IF(T12="","",K12*T12)
A13: A09 | B13: KG04 | C13: Golfer và Networking | D13: Suất golfer cho Nhà tài trợ | E13: 01 suất tham dự thi đấu | F13: Golfer | G13: 32 | I13: =IF(H13="",G13,H13) -> 32 | J13: 0 | K13: =SUMIFS('03_Phan_bo'!$D$5:$D$204,'03_Phan_bo'!$C$5:$C$204,A13,'03_Phan_bo'!$I$5:$I$204,"<>Hủy") -> 0 | L13: =I13-J13-K13 -> 32 | M13: =IF(H13="","CHƯA KHÓA",IF(L13<0,"VƯỢT CAP",IF(L13=0,"HẾT","CÒN"))) -> CHƯA KHÓA | N13: Dedicated | O13: Lõi | P13: Điều phối golfer | Q13: Pairing list/check-in | R13: Phân bổ theo flight; số lượng cuối phụ thuộc quy mô giải | S13: 4 suất có thể xếp 01 flight. Flight KHÔNG phải một kho quyền lợi riêng để tránh tính trùng | U13: Tiền mặt / Hỗn hợp | V13: Đổi sang suất Gala/Media theo thỏa thuận nếu không thể bố trí golfer | W13: =IF(T13="","",K13*T13)
A14: A10 | B14: KG04 | C14: Golfer và Networking | D14: Suất Gala/VIP cho Nhà tài trợ | E14: 01 suất tham dự Gala Dinner và Lễ trao giải | F14: Khách | G14: 60 | I14: =IF(H14="",G14,H14) -> 60 | J14: 0 | K14: =SUMIFS('03_Phan_bo'!$D$5:$D$204,'03_Phan_bo'!$C$5:$C$204,A14,'03_Phan_bo'!$I$5:$I$204,"<>Hủy") -> 0 | L14: =I14-J14-K14 -> 60 | M14: =IF(H14="","CHƯA KHÓA",IF(L14<0,"VƯỢT CAP",IF(L14=0,"HẾT","CÒN"))) -> CHƯA KHÓA | N14: Shared | O14: Lõi | P14: Guest/Gala | Q14: Danh sách khách + check-in | R14: Trừ quota BTC, golfer và khách mời trước khi khóa | S14: Bàn/ghế VIP chỉ là cách bố trí trong quota này, KHÔNG tạo thêm kho ghế riêng | U14: Tiền mặt / Hỗn hợp | V14: Bố trí ghế tương đương hoặc tăng suất khác trong quota Gala | W14: =IF(T14="","",K14*T14)
A15: A11 | B15: KG05 | C15: Activation và trưng bày thương hiệu | D15: Booth/điểm activation | E15: 01 vị trí booth/activation riêng | F15: Vị trí | G15: 4 | I15: =IF(H15="",G15,H15) -> 4 | J15: 0 | K15: =SUMIFS('03_Phan_bo'!$D$5:$D$204,'03_Phan_bo'!$C$5:$C$204,A15,'03_Phan_bo'!$I$5:$I$204,"<>Hủy") -> 0 | L15: =I15-J15-K15 -> 4 | M15: =IF(H15="","CHƯA KHÓA",IF(L15<0,"VƯỢT CAP",IF(L15=0,"HẾT","CÒN"))) -> CHƯA KHÓA | N15: Dedicated | O15: Chuyên biệt | P15: Event | Q15: Ảnh booth + layout | R15: Phụ thuộc mặt bằng, điện, quy định sân và phương án thi công | S15: Chỉ bán khi mặt bằng được xác nhận | U15: Tiền mặt / Hiện vật / Dịch vụ / Hỗn hợp | V15: Chuyển sang điểm trưng bày/standee hoặc media tương đương | W15: =IF(T15="","",K15*T15)
A16: A12 | B16: KG05 | C16: Activation và trưng bày thương hiệu | D16: Trưng bày xe/sản phẩm kích thước lớn | E16: 01 vị trí trưng bày riêng | F16: Vị trí | G16: 2 | I16: =IF(H16="",G16,H16) -> 2 | J16: 0 | K16: =SUMIFS('03_Phan_bo'!$D$5:$D$204,'03_Phan_bo'!$C$5:$C$204,A16,'03_Phan_bo'!$I$5:$I$204,"<>Hủy") -> 0 | L16: =I16-J16-K16 -> 2 | M16: =IF(H16="","CHƯA KHÓA",IF(L16<0,"VƯỢT CAP",IF(L16=0,"HẾT","CÒN"))) -> CHƯA KHÓA | N16: Signature | O16: Chuyên biệt | P16: Event | Q16: Ảnh vị trí + layout | R16: Phải được sân/địa điểm chấp thuận; tuân thủ điều kiện kỹ thuật | S16: Không mặc định có quyền lái thử hoặc dùng điện nếu chưa duyệt | U16: Hiện vật / Dịch vụ / Hỗn hợp | V16: Chuyển sang booth hoặc khu trưng bày tương đương | W16: =IF(T16="","",K16*T16)
... A29: A25 | B29: KG07 | C29: Truyền thông trên hệ sinh thái Báo Lao Động | D29: Bộ ảnh/video hậu sự kiện cho Nhà tài trợ | E29: Bộ tư liệu hình ảnh/video liên quan đến quyền lợi của Nhà tài trợ | F29: Bộ | G29: 8 | I29: =IF(H29="",G29,H29) -> 8 | J29: 0 | K29: =SUMIFS('03_Phan_bo'!$D$5:$D$204,'03_Phan_bo'!$C$5:$C$204,A29,'03_Phan_bo'!$I$5:$I$204,"<>Hủy") -> 0 | L29: =I29-J29-K29 -> 8 | M29: =IF(H29="","CHƯA KHÓA",IF(L29<0,"VƯỢT CAP",IF(L29=0,"HẾT","CÒN"))) -> CHƯA KHÓA | N29: Dedicated | O29: Chuyên biệt | P29: Media/Event | Q29: Link thư mục bàn giao | R29: Phạm vi sử dụng hình ảnh theo thỏa thuận và quy định | S29: Không cam kết toàn bộ raw footage | U29: Tiền mặt / Hỗn hợp | V29: Bàn giao bộ ảnh chọn lọc/clip recap chung | W29: =IF(T29="","",K29*T29)

Sheet 03_Phan_bo
A1: PHÂN BỔ QUYỀN LỢI CHO GÓI / NHÀ TÀI TRỢ
A2: Nhập 1 dòng cho mỗi quyền lợi. Với logo Shared, chọn Cấp hiển thị. Với hiện vật/giải thưởng/dịch vụ, ghi loại tài trợ và giá trị quy đổi được BTC chấp thuận.
A4: STT | B4: Tên gói / Nhà tài trợ | C4: Mã asset | D4: Số lượng | E4: Cấp hiển thị | F4: Loại tài trợ | G4: Giá trị quy đổi (VND) | H4: Ghi chú / điều kiện riêng | I4: Trạng thái | J4: Phụ trách
A5: 1
A6: 2
A7: 3
A8: 4
A9: 5
A10: 6
A11: 7
A12: 8
A13: 9
A14: 10
A15: 11
A16: 12
... A204: 200

Sheet 04_Kiem_soat
A1: DASHBOARD KIỂM SOÁT KHO QUYỀN LỢI – BẢN TỐI ƯU
A3: KPI | B3: Giá trị
A4: Tổng số asset | B4: =COUNTA('02_Asset_Master'!$A$5:$A$29) -> 25
A5: Asset đã khóa capacity final | B5: =COUNT('02_Asset_Master'!$H$5:$H$29) -> 0
A6: Asset chưa khóa final | B6: =B4-B5 -> 25
A7: Asset đang vượt capacity | B7: =COUNTIF('02_Asset_Master'!$M$5:$M$29,"VƯỢT CAP") -> 0
A8: Dòng phân bổ đã nhập | B8: =COUNTA('03_Phan_bo'!$C$5:$C$204) -> 0
A9: CP thực hiện đã cam kết (nếu nhập đơn giá) | B9: =SUM('02_Asset_Master'!$W$5:$W$29) -> 0
A11: Mã KG | B11: Không gian | C11: Số asset | D11: Đã khóa final | E11: % khóa | F11: Vượt cap | G11: Signature
A12: KG01 | B12: Nhận diện chung toàn giải | C12: 3 | D12: =COUNTIFS('02_Asset_Master'!$B$5:$B$29,A12,'02_Asset_Master'!$H$5:$H$29,">0") -> 0 | E12: =IF(C12=0,0,D12/C12) -> 0 | F12: =COUNTIFS('02_Asset_Master'!$B$5:$B$29,A12,'02_Asset_Master'!$M$5:$M$29,"VƯỢT CAP") -> 0 | G12: =COUNTIFS('02_Asset_Master'!$B$5:$B$29,A12,'02_Asset_Master'!$N$5:$N$29,"Signature") -> 0
A13: KG02 | B13: Check-in và đón khách | C13: 2 | D13: =COUNTIFS('02_Asset_Master'!$B$5:$B$29,A13,'02_Asset_Master'!$H$5:$H$29,">0") -> 0 | E13: =IF(C13=0,0,D13/C13) -> 0 | F13: =COUNTIFS('02_Asset_Master'!$B$5:$B$29,A13,'02_Asset_Master'!$M$5:$M$29,"VƯỢT CAP") -> 0 | G13: =COUNTIFS('02_Asset_Master'!$B$5:$B$29,A13,'02_Asset_Master'!$N$5:$N$29,"Signature") -> 0
A14: KG03 | B14: Sân golf và thi đấu | C14: 3 | D14: =COUNTIFS('02_Asset_Master'!$B$5:$B$29,A14,'02_Asset_Master'!$H$5:$H$29,">0") -> 0 | E14: =IF(C14=0,0,D14/C14) -> 0 | F14: =COUNTIFS('02_Asset_Master'!$B$5:$B$29,A14,'02_Asset_Master'!$M$5:$M$29,"VƯỢT CAP") -> 0 | G14: =COUNTIFS('02_Asset_Master'!$B$5:$B$29,A14,'02_Asset_Master'!$N$5:$N$29,"Signature") -> 1
A15: KG04 | B15: Golfer và Networking | C15: 2 | D15: =COUNTIFS('02_Asset_Master'!$B$5:$B$29,A15,'02_Asset_Master'!$H$5:$H$29,">0") -> 0 | E15: =IF(C15=0,0,D15/C15) -> 0 | F15: =COUNTIFS('02_Asset_Master'!$B$5:$B$29,A15,'02_Asset_Master'!$M$5:$M$29,"VƯỢT CAP") -> 0 | G15: =COUNTIFS('02_Asset_Master'!$B$5:$B$29,A15,'02_Asset_Master'!$N$5:$N$29,"Signature") -> 0
A16: KG05 | B16: Activation và trưng bày thương hiệu | C16: 4 | D16: =COUNTIFS('02_Asset_Master'!$B$5:$B$29,A16,'02_Asset_Master'!$H$5:$H$29,">0") -> 0 | E16: =IF(C16=0,0,D16/C16) -> 0 | F16: =COUNTIFS('02_Asset_Master'!$B$5:$B$29,A16,'02_Asset_Master'!$M$5:$M$29,"VƯỢT CAP") -> 0 | G16: =COUNTIFS('02_Asset_Master'!$B$5:$B$29,A16,'02_Asset_Master'!$N$5:$N$29,"Signature") -> 1
A17: KG06 | B17: Gala Dinner và Lễ trao giải | C17: 5 | D17: =COUNTIFS('02_Asset_Master'!$B$5:$B$29,A17,'02_Asset_Master'!$H$5:$H$29,">0") -> 0 | E17: =IF(C17=0,0,D17/C17) -> 0 | F17: =COUNTIFS('02_Asset_Master'!$B$5:$B$29,A17,'02_Asset_Master'!$M$5:$M$29,"VƯỢT CAP") -> 0 | G17: =COUNTIFS('02_Asset_Master'!$B$5:$B$29,A17,'02_Asset_Master'!$N$5:$N$29,"Signature") -> 1
A18: KG07 | B18: Truyền thông trên hệ sinh thái Báo Lao Động | C18: 6 | D18: =COUNTIFS('02_Asset_Master'!$B$5:$B$29,A18,'02_Asset_Master'!$H$5:$H$29,">0") -> 0 | E18: =IF(C18=0,0,D18/C18) -> 0 | F18: =COUNTIFS('02_Asset_Master'!$B$5:$B$29,A18,'02_Asset_Master'!$M$5:$M$29,"VƯỢT CAP") -> 0 | G18: =COUNTIFS('02_Asset_Master'!$B$5:$B$29,A18,'02_Asset_Master'!$N$5:$N$29,"Signature") -> 0
A21: GATE TRƯỚC KHI GHÉP 7 GÓI TÀI TRỢ
A22: Chỉ bắt đầu ghép các gói 30–50–100–200–300–500 triệu–1 tỷ sau khi đã khóa tối thiểu: sơ đồ hố/HIO/giải kỹ thuật; quota golfer; quota Gala; booth/trưng bày; slot trao giải/phát biểu/TVC; số bài PR; vị trí-tuần banner; social/video. Flight và bàn VIP không được tính thành kho riêng.

Sheet 99_Danh_muc
A1: Level | B1: Nhóm | C1: Trạng thái phân bổ | D1: Ý nghĩa
A2: Shared | B2: Lõi | C2: Dự kiến | D2: Nhiều NTT có thể cùng hưởng; cần kiểm soát mức độ dày đặc hiển thị.
A3: Dedicated | B3: Chuyên biệt | C3: Đã chốt | D3: Một slot/vị trí/đơn vị quyền lợi riêng cho một NTT.
A4: Signature | C4: Đã thực hiện | D4: Rất khan hiếm; ưu tiên cấp tài trợ cao hoặc trường hợp đặc biệt.
C5: Hủy

Sheet 05_Checklist_Khoa_cap
A1: CHECKLIST KHÓA CAPACITY TRƯỚC KHI GHÉP GÓI TÀI TRỢ
A2: Dùng như danh sách việc phải xác nhận; phù hợp cho đội không chuyên golf. Chỉ khi các hạng mục trọng yếu được chốt mới bắt đầu bán/ghép gói.
A4: Nhóm | B4: Hạng mục cần xác nhận | C4: Đầu mối xác nhận | D4: Trạng thái | E4: Deadline | F4: Ghi chú
A5: Sân golf | B5: Sơ đồ 18 hố và các hố thực sự có thể thương mại hóa | C5: Sân golf/Event | D5: Chưa làm
A6: Sân golf | B6: Số hố HIO được phép bố trí + điều kiện kỹ thuật | C6: BTC/Sân golf | D6: Chưa làm
A7: Sân golf | B7: Cơ cấu giải kỹ thuật cuối cùng | C7: BTC chuyên môn | D7: Chưa làm
A8: Golfer | B8: Tổng số golfer của giải | C8: BTC chuyên môn | D8: Chưa làm
A9: Golfer | B9: Quota suất golfer dành cho NTT | C9: BTC/Sales | D9: Chưa làm
A10: Gala | B10: Tổng sức chứa Gala và quota ghế dành cho NTT | C10: Guest/Gala | D10: Chưa làm
A11: Gala | B11: Số slot trao giải trên sân khấu | C11: BTC/Kịch bản | D11: Chưa làm
A12: Gala | B12: Số slot phát biểu | C12: BTC/Kịch bản | D12: Chưa làm
A13: Gala | B13: Số slot TVC/video có thể phát mà không kéo dài chương trình | C13: Stage/AV | D13: Chưa làm
A14: Activation | B14: Số booth/điểm activation và điều kiện điện/thi công | C14: Event/Sân golf | D14: Chưa làm
A15: Activation | B15: Số vị trí trưng bày xe/sản phẩm lớn | C15: Event/Sân golf | D15: Chưa làm
A16: Media | B16: Số bài PR/Advertorial có thể cấp | C16: Media | D16: Chưa làm
... A23: Pháp lý/Hợp đồng | B23: Điều khoản make-good khi quyền lợi phải thay đổi | C23: BTC/Pháp chế | D23: Chưa làm

Sheet 06_Bang_gui_NTT
A1: GIẢI GOLF BÁO LAO ĐỘNG OPEN 2026 – BẢNG QUYỀN LỢI NHÀ TÀI TRỢ
A2: Dự kiến tháng 10.2026 • Sân golf Tân Sơn Nhất, TPHCM | Quyền lợi được cấu trúc theo 07 không gian đồng hành và khả năng triển khai thực tế.
A4: NHÓM QUYỀN LỢI | B4: QUYỀN LỢI | C4: ĐỒNG HÀNH | D4: BẠC | E4: VÀNG | F4: BẠCH KIM | G4: KIM CƯƠNG | H4: NHÀ TÀI TRỢ CHÍNH | I4: GHI CHÚ
B5: Mức tài trợ | C5: 50000000 | D5: 100000000 | E5: 200000000 | F5: 300000000 | G5: 500000000 | H5: 1000000000
B6: Cấp hiển thị nhận diện | C6: Đồng hành | D6: Đồng hành | E6: Ưu tiên 2 | F6: Ưu tiên 2 | G6: Ưu tiên 1 | H6: Ưu tiên 1
A7: 1. NHẬN DIỆN CHUNG | B7: Logo trên key visual/ấn phẩm chính | C7: ✓ | D7: ✓ | E7: ✓ | F7: ✓ | G7: ✓ | H7: ✓ | I7: Theo cấp hiển thị của từng gói
A8: 1. NHẬN DIỆN CHUNG | B8: Logo trên backdrop/LED nhận diện chung | C8: ✓ | D8: ✓ | E8: ✓ | F8: ✓ | G8: ✓ | H8: ✓ | I8: Theo layout được duyệt
A9: 1. NHẬN DIỆN CHUNG | B9: Logo trên tài liệu/ấn phẩm tại sự kiện | C9: – | D9: ✓ | E9: ✓ | F9: ✓ | G9: ✓ | H9: ✓ | I9: Chỉ áp dụng với ấn phẩm thực tế có sản xuất
A10: 2. CHECK-IN & ĐÓN KHÁCH | B10: Logo tại photo wall/check-in | C10: – | D10: ✓ | E10: ✓ | F10: ✓ | G10: ✓ | H10: ✓ | I10: Theo layout khu đón khách
A11: 2. CHECK-IN & ĐÓN KHÁCH | B11: Standee/biển thương hiệu riêng tại khu đón khách | C11: – | D11: – | E11: – | F11: 01 | G11: 01 | H11: 01 | I11: 01 vị trí riêng
A12: 3. SÂN GOLF & THI ĐẤU | B12: Branding hố golf thường | C12: – | D12: – | E12: 01 hố | F12: 01 hố | G12: 01 hố | H12: 02 hố | I12: Không trùng hố HIO/giải kỹ thuật
A13: 4. GOLFER & NETWORKING | B13: Suất golfer | C13: – | D13: 01 | E13: 02 | F13: 04 | G13: 08 | H13: 08 | I13: 04 suất có thể bố trí 01 flight theo điều phối BTC
A14: 4. GOLFER & NETWORKING | B14: Suất Gala Dinner/Lễ trao giải | C14: 02 | D14: 02 | E14: 04 | F14: 04 | G14: 08 | H14: 10 | I14: Trong quota khách của Nhà tài trợ
A15: 5. ACTIVATION & TRƯNG BÀY | B15: Booth/điểm activation riêng | C15: – | D15: – | E15: – | F15: 01 | G15: 01 | H15: 01 | I15: Theo mặt bằng và điều kiện địa điểm
A16: 5. ACTIVATION & TRƯNG BÀY | B16: Vị trí trưng bày xe/sản phẩm kích thước lớn | C16: – | D16: – | E16: – | F16: – | G16: 01 | H16: 01 | I16: Phải được địa điểm chấp thuận
A17: 5. ACTIVATION & TRƯNG BÀY | B17: Sản phẩm/voucher trong gift bag | C17: – | D17: – | E17: ✓ | F17: ✓ | G17: ✓ | H17: ✓ | I17: Nhà tài trợ cung cấp đúng quy cách và deadline
A18: 5. ACTIVATION & TRƯNG BÀY | B18: Sampling/trải nghiệm sản phẩm | C18: – | D18: – | E18: – | F18: – | G18: 01 | H18: 01 | I18: Tại khu vực được BTC bố trí
... A23: 6. GALA & LỄ TRAO GIẢI | B23: TVC/video thương hiệu trên màn hình Gala | C23: – | D23: – | E23: – | F23: 01 | G23: 01 | H23: 01 | I23: Theo chuẩn file và thời lượng BTC quy định
A24: 7. TRUYỀN THÔNG BÁO LAO ĐỘNG | B24: Bài PR/Advertorial Top 1 chuyên mục TTDN Laodong.vn | C24: – | D24: 1 | E24: 2 | F24: 3 | G24: 5 | H24: 10 | I24: Nội dung thương mại theo quy định của Báo
A25: 7. TRUYỀN THÔNG BÁO LAO ĐỘNG | B25: Banner hiển thị trên Laodong.vn | C25: – | D25: – | E25: 01 vị trí-tuần | F25: 01 vị trí-tuần | G25: 02 vị trí-tuần | H25: 04 vị trí-tuần | I25: Vị trí và lịch chạy theo inventory thực tế
A26: 7. TRUYỀN THÔNG BÁO LAO ĐỘNG | B26: Nội dung social trên nền tảng của Báo Lao Động | C26: 01 | D26: 01 | E26: 01 | F26: 01 | G26: 01 | H26: 01 | I26: Theo kế hoạch nội dung và nền tảng phù hợp
A27: 7. TRUYỀN THÔNG BÁO LAO ĐỘNG | B27: Hiện diện trong video/clip recap sự kiện | C27: – | D27: – | E27: ✓ | F27: ✓ | G27: ✓ | H27: ✓ | I27: Theo format video cuối cùng
A28: 7. TRUYỀN THÔNG BÁO LAO ĐỘNG | B28: Nội dung trên Báo Lao Động in/ấn phẩm phù hợp | C28: – | D28: – | E28: – | F28: 01 | G28: 01 | H28: 01 | I28: Chỉ áp dụng khi kế hoạch ấn phẩm được phê duyệt
A29: 7. TRUYỀN THÔNG BÁO LAO ĐỘNG | B29: Bộ ảnh/video hậu sự kiện dành cho Nhà tài trợ | C29: – | D29: – | E29: 01 bộ | F29: 01 bộ | G29: 01 bộ | H29: 01 bộ | I29: Tư liệu chọn lọc; phạm vi sử dụng theo thỏa thuận
A31: LƯU Ý ÁP DỤNG
A32: • Quyền lợi Hole-in-One và các giải kỹ thuật được xây dựng theo gói tài trợ chuyên biệt, không mặc định cộng vào các gói trên.
A33: • Bài PR/Advertorial, banner và nội dung thương mại được triển khai theo quy định của Báo Lao Động; hoạt động đưa tin biên tập về giải tuân thủ nguyên tắc nghiệp vụ của Báo.
A34: • Các vị trí tại sân, khu check-in, activation và Gala được triển khai theo layout, điều kiện địa điểm và kế hoạch tổ chức cuối cùng.
A35: • Trường hợp một hạng mục không thể triển khai vì điều kiện khách quan, Ban Tổ chức và Nhà tài trợ thống nhất quyền lợi thay thế có giá trị tương đương.

Sheet 07_Ma_tran_noi_bo
A1: MA TRẬN PHÂN BỔ QUYỀN LỢI THEO 06 GÓI – NỘI BỘ
A2: Số lượng tại các cột gói là quyền lợi cấp cho 01 Nhà tài trợ. Dòng Max NTT dùng để kiểm tra tổng tiêu hao kho khi bán đủ cơ cấu đề xuất.
A4: Mã asset | B4: Không gian | C4: Quyền lợi | D4: Đơn vị | E4: Cap áp dụng | F4: ĐỒNG HÀNH | G4: BẠC | H4: VÀNG | I4: BẠCH KIM | J4: KIM CƯƠNG | K4: NHÀ TÀI TRỢ CHÍNH | L4: Tổng dùng nếu bán đủ | M4: Còn lại | N4: Trạng thái
D5: Max NTT | F5: 3 | G5: 3 | H5: 2 | I5: 2 | J5: 1 | K5: 1
A6: A01 | B6: Nhận diện chung toàn giải | C6: Logo trên key visual/ấn phẩm chính | D6: NTT | E6: 12 | F6: 1 | G6: 1 | H6: 1 | I6: 1 | J6: 1 | K6: 1 | L6: =F6*$F$5+G6*$G$5+H6*$H$5+I6*$I$5+J6*$J$5+K6*$K$5 -> 12 | M6: =E6-L6 -> 0 | N6: =IF(M6<0,"VƯỢT CAP",IF(M6=0,"HẾT","OK")) -> HẾT
A7: A02 | B7: Nhận diện chung toàn giải | C7: Logo trên backdrop/LED nhận diện chung | D7: NTT | E7: 12 | F7: 1 | G7: 1 | H7: 1 | I7: 1 | J7: 1 | K7: 1 | L7: =F7*$F$5+G7*$G$5+H7*$H$5+I7*$I$5+J7*$J$5+K7*$K$5 -> 12 | M7: =E7-L7 -> 0 | N7: =IF(M7<0,"VƯỢT CAP",IF(M7=0,"HẾT","OK")) -> HẾT
A8: A03 | B8: Nhận diện chung toàn giải | C8: Logo trên tài liệu/ấn phẩm tại sự kiện | D8: NTT | E8: 10 | F8: 0 | G8: 1 | H8: 1 | I8: 1 | J8: 1 | K8: 1 | L8: =F8*$F$5+G8*$G$5+H8*$H$5+I8*$I$5+J8*$J$5+K8*$K$5 -> 9 | M8: =E8-L8 -> 1 | N8: =IF(M8<0,"VƯỢT CAP",IF(M8=0,"HẾT","OK")) -> OK
A9: A04 | B9: Check-in và đón khách | C9: Logo tại photo wall/check-in | D9: NTT | E9: 10 | F9: 0 | G9: 1 | H9: 1 | I9: 1 | J9: 1 | K9: 1 | L9: =F9*$F$5+G9*$G$5+H9*$H$5+I9*$I$5+J9*$J$5+K9*$K$5 -> 9 | M9: =E9-L9 -> 1 | N9: =IF(M9<0,"VƯỢT CAP",IF(M9=0,"HẾT","OK")) -> OK
A10: A05 | B10: Check-in và đón khách | C10: Standee/biển thương hiệu tại khu đón khách | D10: Vị trí | E10: 4 | F10: 0 | G10: 0 | H10: 0 | I10: 1 | J10: 1 | K10: 1 | L10: =F10*$F$5+G10*$G$5+H10*$H$5+I10*$I$5+J10*$J$5+K10*$K$5 -> 4 | M10: =E10-L10 -> 0 | N10: =IF(M10<0,"VƯỢT CAP",IF(M10=0,"HẾT","OK")) -> HẾT
A11: A06 | B11: Sân golf và thi đấu | C11: Branding hố golf thường | D11: Hố | E11: 8 | F11: 0 | G11: 0 | H11: 1 | I11: 1 | J11: 1 | K11: 2 | L11: =F11*$F$5+G11*$G$5+H11*$H$5+I11*$I$5+J11*$J$5+K11*$K$5 -> 7 | M11: =E11-L11 -> 1 | N11: =IF(M11<0,"VƯỢT CAP",IF(M11=0,"HẾT","OK")) -> OK
A12: A07 | B12: Sân golf và thi đấu | C12: Tài trợ Hole-in-One | D12: Hố HIO | E12: 2 | F12: 0 | G12: 0 | H12: 0 | I12: 0 | J12: 0 | K12: 0 | L12: =F12*$F$5+G12*$G$5+H12*$H$5+I12*$I$5+J12*$J$5+K12*$K$5 -> 0 | M12: =E12-L12 -> 2 | N12: =IF(M12<0,"VƯỢT CAP",IF(M12=0,"HẾT","OK")) -> OK
A13: A08 | B13: Sân golf và thi đấu | C13: Tài trợ giải kỹ thuật | D13: Giải | E13: 4 | F13: 0 | G13: 0 | H13: 0 | I13: 0 | J13: 0 | K13: 0 | L13: =F13*$F$5+G13*$G$5+H13*$H$5+I13*$I$5+J13*$J$5+K13*$K$5 -> 0 | M13: =E13-L13 -> 4 | N13: =IF(M13<0,"VƯỢT CAP",IF(M13=0,"HẾT","OK")) -> OK
A14: A09 | B14: Golfer và Networking | C14: Suất golfer cho Nhà tài trợ | D14: Golfer | E14: 32 | F14: 0 | G14: 1 | H14: 2 | I14: 4 | J14: 8 | K14: 8 | L14: =F14*$F$5+G14*$G$5+H14*$H$5+I14*$I$5+J14*$J$5+K14*$K$5 -> 31 | M14: =E14-L14 -> 1 | N14: =IF(M14<0,"VƯỢT CAP",IF(M14=0,"HẾT","OK")) -> OK
A15: A10 | B15: Golfer và Networking | C15: Suất Gala/VIP cho Nhà tài trợ | D15: Khách | E15: 60 | F15: 2 | G15: 2 | H15: 4 | I15: 4 | J15: 8 | K15: 10 | L15: =F15*$F$5+G15*$G$5+H15*$H$5+I15*$I$5+J15*$J$5+K15*$K$5 -> 46 | M15: =E15-L15 -> 14 | N15: =IF(M15<0,"VƯỢT CAP",IF(M15=0,"HẾT","OK")) -> OK
A16: A11 | B16: Activation và trưng bày thương hiệu | C16: Booth/điểm activation | D16: Vị trí | E16: 4 | F16: 0 | G16: 0 | H16: 0 | I16: 1 | J16: 1 | K16: 1 | L16: =F16*$F$5+G16*$G$5+H16*$H$5+I16*$I$5+J16*$J$5+K16*$K$5 -> 4 | M16: =E16-L16 -> 0 | N16: =IF(M16<0,"VƯỢT CAP",IF(M16=0,"HẾT","OK")) -> HẾT
A17: A12 | B17: Activation và trưng bày thương hiệu | C17: Trưng bày xe/sản phẩm kích thước lớn | D17: Vị trí | E17: 2 | F17: 0 | G17: 0 | H17: 0 | I17: 0 | J17: 1 | K17: 1 | L17: =F17*$F$5+G17*$G$5+H17*$H$5+I17*$I$5+J17*$J$5+K17*$K$5 -> 2 | M17: =E17-L17 -> 0 | N17: =IF(M17<0,"VƯỢT CAP",IF(M17=0,"HẾT","OK")) -> HẾT
... A30: A25 | B30: Truyền thông trên hệ sinh thái Báo Lao Động | C30: Bộ ảnh/video hậu sự kiện cho Nhà tài trợ | D30: Bộ | E30: 8 | F30: 0 | G30: 0 | H30: 1 | I30: 1 | J30: 1 | K30: 1 | L30: =F30*$F$5+G30*$G$5+H30*$H$5+I30*$I$5+J30*$J$5+K30*$K$5 -> 6 | M30: =E30-L30 -> 2 | N30: =IF(M30<0,"VƯỢT CAP",IF(M30=0,"HẾT","OK")) -> OK

Sheet 08_Kiem_tra_Cap
A1: KIỂM TRA SỨC CHỨA QUYỀN LỢI – CƠ CẤU 06 GÓI
A2: Mục tiêu: nếu bán đủ số Nhà tài trợ tối đa khuyến nghị ở từng gói, tổng quyền lợi vẫn không vượt Cap áp dụng hiện tại. Cap FINAL cần tiếp tục khóa trước khi ký hợp đồng.
A4: Mã asset | B4: Không gian | C4: Quyền lợi | D4: Cap áp dụng | E4: Tổng dùng theo 06 gói | F4: Còn lại | G4: % sử dụng | H4: Trạng thái | I4: Rủi ro | J4: Hành động
A5: A01 | B5: Nhận diện chung toàn giải | C5: Logo trên key visual/ấn phẩm chính | D5: 12 | E5: ='07_Ma_tran_noi_bo'!L6 -> 12 | F5: ='07_Ma_tran_noi_bo'!M6 -> 0 | G5: =IF(D5=0,0,E5/D5) -> 1 | H5: ='07_Ma_tran_noi_bo'!N6 -> HẾT | I5: Dùng hết/tiệm cận cap khi bán đủ | J5: Không tăng số NTT tối đa nếu chưa mở thêm inventory
A6: A02 | B6: Nhận diện chung toàn giải | C6: Logo trên backdrop/LED nhận diện chung | D6: 12 | E6: ='07_Ma_tran_noi_bo'!L7 -> 12 | F6: ='07_Ma_tran_noi_bo'!M7 -> 0 | G6: =IF(D6=0,0,E6/D6) -> 1 | H6: ='07_Ma_tran_noi_bo'!N7 -> HẾT | I6: Dùng hết/tiệm cận cap khi bán đủ | J6: Không tăng số NTT tối đa nếu chưa mở thêm inventory
A7: A03 | B7: Nhận diện chung toàn giải | C7: Logo trên tài liệu/ấn phẩm tại sự kiện | D7: 10 | E7: ='07_Ma_tran_noi_bo'!L8 -> 9 | F7: ='07_Ma_tran_noi_bo'!M8 -> 1 | G7: =IF(D7=0,0,E7/D7) -> 0.9 | H7: ='07_Ma_tran_noi_bo'!N8 -> OK | I7: Kiểm soát theo cap | J7: Theo dõi sheet phân bổ khi có NTT thực tế
A8: A04 | B8: Check-in và đón khách | C8: Logo tại photo wall/check-in | D8: 10 | E8: ='07_Ma_tran_noi_bo'!L9 -> 9 | F8: ='07_Ma_tran_noi_bo'!M9 -> 1 | G8: =IF(D8=0,0,E8/D8) -> 0.9 | H8: ='07_Ma_tran_noi_bo'!N9 -> OK | I8: Kiểm soát theo cap | J8: Theo dõi sheet phân bổ khi có NTT thực tế
A9: A05 | B9: Check-in và đón khách | C9: Standee/biển thương hiệu tại khu đón khách | D9: 4 | E9: ='07_Ma_tran_noi_bo'!L10 -> 4 | F9: ='07_Ma_tran_noi_bo'!M10 -> 0 | G9: =IF(D9=0,0,E9/D9) -> 1 | H9: ='07_Ma_tran_noi_bo'!N10 -> HẾT | I9: Asset khan hiếm | J9: Khóa layout/run-of-show/kế hoạch media trước khi ký
A10: A06 | B10: Sân golf và thi đấu | C10: Branding hố golf thường | D10: 8 | E10: ='07_Ma_tran_noi_bo'!L11 -> 7 | F10: ='07_Ma_tran_noi_bo'!M11 -> 1 | G10: =IF(D10=0,0,E10/D10) -> 0.875 | H10: ='07_Ma_tran_noi_bo'!N11 -> OK | I10: Kiểm soát theo cap | J10: Theo dõi sheet phân bổ khi có NTT thực tế
A11: A07 | B11: Sân golf và thi đấu | C11: Tài trợ Hole-in-One | D11: 2 | E11: ='07_Ma_tran_noi_bo'!L12 -> 0 | F11: ='07_Ma_tran_noi_bo'!M12 -> 2 | G11: =IF(D11=0,0,E11/D11) -> 0 | H11: ='07_Ma_tran_noi_bo'!N12 -> OK | I11: Không nằm trong gói cơ sở | J11: Bán chuyên biệt; kiểm tra riêng khi chốt NTT HIO/giải kỹ thuật
A12: A08 | B12: Sân golf và thi đấu | C12: Tài trợ giải kỹ thuật | D12: 4 | E12: ='07_Ma_tran_noi_bo'!L13 -> 0 | F12: ='07_Ma_tran_noi_bo'!M13 -> 4 | G12: =IF(D12=0,0,E12/D12) -> 0 | H12: ='07_Ma_tran_noi_bo'!N13 -> OK | I12: Không nằm trong gói cơ sở | J12: Bán chuyên biệt; kiểm tra riêng khi chốt NTT HIO/giải kỹ thuật
A13: A09 | B13: Golfer và Networking | C13: Suất golfer cho Nhà tài trợ | D13: 32 | E13: ='07_Ma_tran_noi_bo'!L14 -> 31 | F13: ='07_Ma_tran_noi_bo'!M14 -> 1 | G13: =IF(D13=0,0,E13/D13) -> 0.96875 | H13: ='07_Ma_tran_noi_bo'!N14 -> OK | I13: Kiểm soát theo cap | J13: Theo dõi sheet phân bổ khi có NTT thực tế
A14: A10 | B14: Golfer và Networking | C14: Suất Gala/VIP cho Nhà tài trợ | D14: 60 | E14: ='07_Ma_tran_noi_bo'!L15 -> 46 | F14: ='07_Ma_tran_noi_bo'!M15 -> 14 | G14: =IF(D14=0,0,E14/D14) -> 0.76666667 | H14: ='07_Ma_tran_noi_bo'!N15 -> OK | I14: Kiểm soát theo cap | J14: Theo dõi sheet phân bổ khi có NTT thực tế
A15: A11 | B15: Activation và trưng bày thương hiệu | C15: Booth/điểm activation | D15: 4 | E15: ='07_Ma_tran_noi_bo'!L16 -> 4 | F15: ='07_Ma_tran_noi_bo'!M16 -> 0 | G15: =IF(D15=0,0,E15/D15) -> 1 | H15: ='07_Ma_tran_noi_bo'!N16 -> HẾT | I15: Asset khan hiếm | J15: Khóa layout/run-of-show/kế hoạch media trước khi ký
A16: A12 | B16: Activation và trưng bày thương hiệu | C16: Trưng bày xe/sản phẩm kích thước lớn | D16: 2 | E16: ='07_Ma_tran_noi_bo'!L17 -> 2 | F16: ='07_Ma_tran_noi_bo'!M17 -> 0 | G16: =IF(D16=0,0,E16/D16) -> 1 | H16: ='07_Ma_tran_noi_bo'!N17 -> HẾT | I16: Asset khan hiếm | J16: Khóa layout/run-of-show/kế hoạch media trước khi ký
... A29: A25 | B29: Truyền thông trên hệ sinh thái Báo Lao Động | C29: Bộ ảnh/video hậu sự kiện cho Nhà tài trợ | D29: 8 | E29: ='07_Ma_tran_noi_bo'!L30 -> 6 | F29: ='07_Ma_tran_noi_bo'!M30 -> 2 | G29: =IF(D29=0,0,E29/D29) -> 0.75 | H29: ='07_Ma_tran_noi_bo'!N30 -> OK | I29: Kiểm soát theo cap | J29: Theo dõi sheet phân bổ khi có NTT thực tế
A31: KPI | B31: Giá trị | C31: Ngưỡng/giải thích | D31: Kết luận
A32: Số NTT tối đa theo cơ cấu | B32: 12 | C32: 12 NTT | D32: Phù hợp cap logo chung hiện tại
A33: Doanh thu tối đa 06 gói | B33: 2950000000 | C33: Chưa gồm HIO/giải kỹ thuật | D33: Cơ cấu doanh thu dự kiến
A34: Asset vượt cap | B34: =COUNTIF(H5:H29,"VƯỢT CAP") -> 0 | C34: Mục tiêu = 0 | D34: Phải bằng 0 trước khi phát hành bảng gói
A35: Asset dùng hết cap | B35: =COUNTIF(H5:H29,"HẾT") -> 13 | C35: Cần kiểm soát chặt | D35: Không tăng NTT nếu chưa mở thêm inventory

Sheet 09_Can_doi_Tai_chinh
A1: CÂN ĐỐI NỘI BỘ – DOANH THU TÀI TRỢ & CHI PHÍ TRẢ QUYỀN LỢI
A2: Chi phí thực hiện chỉ có ý nghĩa sau khi nhập đơn giá tại cột “CP thực hiện/đơn vị” trong sheet 02_Asset_Master. Không dùng bảng này làm báo giá đối ngoại.
A4: Mã gói | B4: Tên gói | C4: Mức tài trợ/NTT | D4: Max NTT | E4: Doanh thu tối đa | F4: CP trả QL/01 NTT | G4: CP trả QL khi bán đủ | H4: CP/Doanh thu | I4: Doanh thu sau CP trực tiếp | J4: Trạng thái | K4: Ghi chú
A5: G50 | B5: ĐỒNG HÀNH | C5: 50000000 | D5: 3 | E5: 150000000 | F5: =SUMPRODUCT('07_Ma_tran_noi_bo'!F$6:F$30,'02_Asset_Master'!$T$5:$T$29) -> 0 | G5: =F5*D5 -> 0 | H5: =IF(E5=0,0,G5/E5) -> 0 | I5: =E5-G5 -> 150000000 | J5: =IF(H5>0.25,"CẢNH BÁO",IF(H5>0.2,"THEO DÕI","OK")) -> OK | K5: Ngưỡng quản trị tham khảo: CP trực tiếp ≤25% doanh thu tài trợ
A6: G100 | B6: BẠC | C6: 100000000 | D6: 3 | E6: 300000000 | F6: =SUMPRODUCT('07_Ma_tran_noi_bo'!G$6:G$30,'02_Asset_Master'!$T$5:$T$29) -> 0 | G6: =F6*D6 -> 0 | H6: =IF(E6=0,0,G6/E6) -> 0 | I6: =E6-G6 -> 300000000 | J6: =IF(H6>0.25,"CẢNH BÁO",IF(H6>0.2,"THEO DÕI","OK")) -> OK | K6: Ngưỡng quản trị tham khảo: CP trực tiếp ≤25% doanh thu tài trợ
A7: G200 | B7: VÀNG | C7: 200000000 | D7: 2 | E7: 400000000 | F7: =SUMPRODUCT('07_Ma_tran_noi_bo'!H$6:H$30,'02_Asset_Master'!$T$5:$T$29) -> 0 | G7: =F7*D7 -> 0 | H7: =IF(E7=0,0,G7/E7) -> 0 | I7: =E7-G7 -> 400000000 | J7: =IF(H7>0.25,"CẢNH BÁO",IF(H7>0.2,"THEO DÕI","OK")) -> OK | K7: Ngưỡng quản trị tham khảo: CP trực tiếp ≤25% doanh thu tài trợ
A8: G300 | B8: BẠCH KIM | C8: 300000000 | D8: 2 | E8: 600000000 | F8: =SUMPRODUCT('07_Ma_tran_noi_bo'!I$6:I$30,'02_Asset_Master'!$T$5:$T$29) -> 0 | G8: =F8*D8 -> 0 | H8: =IF(E8=0,0,G8/E8) -> 0 | I8: =E8-G8 -> 600000000 | J8: =IF(H8>0.25,"CẢNH BÁO",IF(H8>0.2,"THEO DÕI","OK")) -> OK | K8: Ngưỡng quản trị tham khảo: CP trực tiếp ≤25% doanh thu tài trợ
A9: G500 | B9: KIM CƯƠNG | C9: 500000000 | D9: 1 | E9: 500000000 | F9: =SUMPRODUCT('07_Ma_tran_noi_bo'!J$6:J$30,'02_Asset_Master'!$T$5:$T$29) -> 0 | G9: =F9*D9 -> 0 | H9: =IF(E9=0,0,G9/E9) -> 0 | I9: =E9-G9 -> 500000000 | J9: =IF(H9>0.25,"CẢNH BÁO",IF(H9>0.2,"THEO DÕI","OK")) -> OK | K9: Ngưỡng quản trị tham khảo: CP trực tiếp ≤25% doanh thu tài trợ
A10: G1000 | B10: NHÀ TÀI TRỢ CHÍNH | C10: 1000000000 | D10: 1 | E10: 1000000000 | F10: =SUMPRODUCT('07_Ma_tran_noi_bo'!K$6:K$30,'02_Asset_Master'!$T$5:$T$29) -> 0 | G10: =F10*D10 -> 0 | H10: =IF(E10=0,0,G10/E10) -> 0 | I10: =E10-G10 -> 1000000000 | J10: =IF(H10>0.25,"CẢNH BÁO",IF(H10>0.2,"THEO DÕI","OK")) -> OK | K10: Ngưỡng quản trị tham khảo: CP trực tiếp ≤25% doanh thu tài trợ
B11: TỔNG | C11: =SUM(C5:C10) -> 2150000000 | D11: =SUM(D5:D10) -> 12 | E11: =SUM(E5:E10) -> 2950000000 | G11: =SUM(G5:G10) -> 0 | H11: =IF(E11=0,0,G11/E11) -> 0 | I11: =SUM(I5:I10) -> 2950000000
A14: Gói | B14: Vai trò trong cấu trúc | C14: Lý do nâng cấp | D14: Quyền lợi tạo khác biệt | E14: Không nên hứa thêm | F14: Gợi ý bán hàng
A15: ĐỒNG HÀNH 50M | B15: Hiện diện chính thức | C15: Bước vào hệ sinh thái giải với chi phí thấp | D15: Nhận diện chung + Gala + 01 social | E15: Không golfer, không PR/banner riêng | F15: Phù hợp doanh nghiệp cần hiện diện và networking cơ bản
A16: BẠC 100M | B16: Bắt đầu có trải nghiệm giải | C16: Có suất golfer và check-in visibility | D16: 01 golfer + photo wall + tài liệu sự kiện | E16: Chưa mở hố, booth, PR/banner | F16: Phù hợp doanh nghiệp muốn tham gia thực tế nhưng ngân sách vừa
A17: VÀNG 200M | B17: Bắt đầu có quyền lợi dedicated | C17: Có hố golf, media và nghi thức | D17: 01 hố + 02 golfer + trao giải + PR + banner | E17: Chưa booth/TVC | F17: Mốc upsell quan trọng từ hiện diện sang tương tác
A18: BẠCH KIM 300M | B18: Gói activation | C18: Có booth, flight và TVC | D18: 04 golfer + booth + standee + TVC + báo in nếu có | E18: Không trưng bày lớn/sampling | F18: Phù hợp thương hiệu muốn tạo trải nghiệm tại sự kiện
A19: KIM CƯƠNG 500M | B19: Gói premium | C19: Tăng hospitality và media | D19: 08 golfer + trưng bày lớn + sampling + 02 PR + 02 banner-tuần | E19: Không phát biểu Gala | F19: Phù hợp doanh nghiệp cần hiện diện sâu và tiếp khách
A20: NTT CHÍNH 1 TỶ | B20: Đồng hành cấp cao nhất | C20: Hiện diện xuyên suốt 07 không gian | D20: 02 hố + phát biểu + 03 PR + 04 banner-tuần + 10 Gala | E20: Không độc quyền ngành hàng | F20: Tập trung vị thế, nghi thức và truyền thông
